index,output
501,"0,54"
502,"0,44"
503,"0,56"
504,"0,58"
505,"0,2"
506,"0,64"
507,"0,1"
508,"0,64"
509,"0,58"
510,"0,72"
511,"0,18"
512,"0,26"
513,"0,74"
514,"0,58"
515,"0,16"
516,"0,78"
517,"0,34"
518,"0,86"
519,"0,74"
520,"0,5"
521,"0,34"
522,"0,7"
523,"0,6"
524,"0,54"
525,"0,44"
526,"0,28"
527,"0,82"
528,"0,72"
529,"0,62"
530,"0,26"
531,"0,48"
532,"0,8"
533,"0,54"
534,"0,48"
535,"0,86"
536,"0,36"
537,"0,22"
538,"0,44"
539,"0,78"
540,"0,68"
541,"0,44"
542,"0,84"
543,"0,6"
544,"0,86"
545,"0,14"
546,"0,28"
547,"0,18"
548,"0,64"
549,"0,56"
550,"0,78"
551,"0,54"
552,"0,58"
553,"0,72"
554,"0,7"
555,"0,1"
556,"0,58"
557,"0,34"
558,"0,28"
559,"0,18"
560,"0,16"
561,"0,22"
562,"0,4"
563,"0,26"
564,"0,7"
565,"0,72"
566,"0,78"
567,"0,78"
568,"0,54"
569,"0,48"
570,"0,18"
571,"0,56"
572,"0,26"
573,"0,94"
574,"0,34"
575,"0,72"
576,"0,36"
577,"0,54"
578,"0,74"
579,"0,4"
580,"0,4"
581,"0,16"
582,"0,46"
583,"0,84"
584,"0,36"
585,"0,52"
586,"0,4"
587,"0,38"
588,"0,78"
589,"0,28"
590,"0,8"
591,"0,4"
592,"0,8"
593,"0,28"
594,"0,16"
595,"0,42"
596,"0,18"
597,"0,34"
598,"0,4"
599,"0,54"
600,"0,48"
601,"0,36"
602,"0,1"
603,"0,66"
604,"0,58"
605,"0,24"
606,"0,48"
607,"0,7"
608,"0,56"
609,"0,18"
610,"0,18"
611,"0,64"
612,"0,3"
613,"0,64"
614,"0,2"
615,"0,18"
616,"0,76"
617,"0,28"
618,"0,64"
619,"0,42"
620,"0,88"
621,"0,14"
622,"0,46"
623,"0,3"
624,"0,82"
625,"0,2"
626,"0,7"
627,"0,5"
628,"0,64"
629,"0,6"
630,"0,68"
631,"0,54"
632,"0,54"
633,"0,84"
634,"0,66"
635,"0,46"
636,"0,48"
637,"0,14"
638,"0,8"
639,"0,62"
640,"0,28"
641,"0,44"
642,"0,76"
643,"0,58"
644,"0,22"
645,"0,54"
646,"0,28"
647,"0,62"
648,"0,4"
649,"0,04"
650,"0,9"
651,"0,66"
652,"0,34"
653,"0,66"
654,"0,48"
655,"0,8"
656,"0,28"
657,"0,22"
658,"0,38"
659,"0,74"
660,"0,62"
661,"0,8"
662,"0,14"
663,"0,74"
664,"0,12"
665,"0,72"
666,"0,88"
667,"0,3"
668,"0,38"
669,"0,78"
670,"0,42"
671,"0,3"
672,"0,14"
673,"0,78"
674,"0,44"
675,"0,8"
676,"0,76"
677,"0,22"
678,"0,84"
679,"0,78"
680,"0,36"
681,"0,5"
682,"0,6"
683,"0,7"
684,"0,28"
685,"0,46"
686,"0,74"
687,"0,6"
688,"0,08"
689,"0,46"
690,"0,48"
691,"0,5"
692,"0,4"
693,"0,44"
694,"0,26"
695,"0,62"
696,"0,24"
697,"0,3"
698,"0,66"
699,"0,44"
700,"0,52"
701,"0,28"
702,"0,44"
703,"0,78"
704,"0,56"
705,"0,86"
706,"0,44"
707,"0,22"
708,"0,8"
709,"0,24"
710,"0,6"
711,"0,14"
712,"0,9"
713,"0,58"
714,"0,68"
715,"0,48"
716,"0,14"
717,"0,42"
718,"0,2"
719,"0,6"
720,"0,76"
721,"0,82"
722,"0,78"
723,"0,6"
724,"0,68"
725,"0,3"
726,"0,64"
727,"0,6"
728,"0,36"
729,"0,14"
730,"0,66"
731,"0,52"
732,"0,4"
733,"0,18"
734,"0,62"
735,"0,3"
736,"0,14"
737,"0,74"
738,"0,88"
739,"0,2"
740,"0,28"
741,"0,76"
742,"0,76"
743,"0,38"
744,"0,34"
745,"0,9"
746,"0,48"
747,"0,42"
748,"0,78"
749,"0,58"
750,"0,6"
751,"0,18"
752,"0,6"
753,"0,46"
754,"0,38"
755,"0,46"
756,"0,34"
757,"0,18"
758,"0,16"
759,"0,12"
760,"0,68"
761,"0,72"
762,"0,52"
763,"0,24"
764,"0,4"
765,"0,32"
766,"0,6"
767,"0,44"
768,"0,66"
769,"0,14"
770,"0,42"
771,"0,8"
772,"0,16"
773,"0,68"
774,"0,7"
775,"0,88"
776,"0,38"
777,"0,24"
778,"0,94"
779,"0,7"
780,"0,82"
781,"0,46"
782,"0,44"
783,"0,18"
784,"0,54"
785,"0,14"
786,"0,62"
787,"0,08"
788,"0,78"
789,"0,64"
790,"0,42"
791,"0,46"
792,"0,8"
793,"0,08"
794,"0,3"
795,"0,18"
796,"0,2"
797,"0,74"
798,"0,66"
799,"0,64"
800,"0,66"
801,"0,76"
802,"0,58"
803,"0,74"
804,"0,82"
805,"0,12"
806,"0,58"
807,"0,14"
808,"0,2"
809,"0,12"
810,"0,38"
811,"0,38"
812,"0,32"
813,"0,4"
814,"0,8"
815,"0,26"
816,"0,62"
817,"0,56"
818,"0,38"
819,"0,14"
820,"0,82"
821,"0,58"
822,"0,8"
823,"0,36"
824,"0,88"
825,"0,44"
826,"0,36"
827,"0,8"
828,"0,52"
829,"0,36"
830,"0,36"
831,"0,68"
832,"0,56"
833,"0,32"
834,"0,46"
835,"0,52"
836,"0,08"
837,"0,1"
838,"0,6"
839,"0,18"
840,"0,14"
841,"0,54"
842,"0,18"
843,"0,38"
844,"0,3"
845,"0,32"
846,"0,68"
847,"0,3"
848,"0,16"
849,"0,3"
850,"0,58"
851,"0,3"
852,"0,7"
853,"0,68"
854,"0,22"
855,"0,18"
856,"0,42"
857,"0,24"
858,"0,16"
859,"0,28"
860,"0,86"
861,"0,46"
862,"0,18"
863,"0,38"
864,"0,6"
865,"0,52"
866,"0,64"
867,"0,48"
868,"0,32"
869,"0,2"
870,"0,06"
871,"0,8"
872,"0,28"
873,"0,4"
874,"0,26"
875,"0,58"
876,"0,64"
877,"0,66"
878,"0,64"
879,"0,76"
880,"0,24"
881,"0,46"
882,"0,22"
883,"0,56"
884,"0,42"
885,"0,42"
886,"0,7"
887,"0,44"
888,"0,84"
889,"0,62"
890,"0,78"
891,"0,2"
892,"0,82"
893,"0,8"
894,"0,5"
895,"0,62"
896,"0,86"
897,"0,22"
898,"0,62"
899,"0,78"
900,"0,72"
901,"0,16"
902,"0,2"
903,"0,7"
904,"0,4"
905,"0,38"
906,"0,92"
907,"0,7"
908,"0,28"
909,"0,34"
910,"0,28"
911,"0,8"
912,"0,36"
913,"0,68"
914,"0,14"
915,"0,46"
916,"0,74"
917,"0,8"
918,"0,64"
919,"0,14"
920,"0,58"
921,"0,78"
922,"0,4"
923,"0,82"
924,"0,4"
925,"0,84"
926,"0,76"
927,"0,44"
928,"0,9"
929,"0,84"
930,"0,62"
931,"0,26"
932,"0,5"
933,"0,16"
934,"0,3"
935,"0,74"
936,"0,14"
937,"0,56"
938,"0,72"
939,"0,28"
940,"0,54"
941,"0,2"
942,"0,18"
943,"0,88"
944,"0,9"
945,"0,22"
946,"0,6"
947,"0,4"
948,"0,16"
949,"0,58"
950,"0,56"
951,"0,2"
952,"0,82"
953,"0,84"
954,"0,42"
955,"0,88"
956,"0,54"
957,"0,32"
958,"0,5"
959,"0,24"
960,"0,72"
961,"0,4"
962,"0,54"
963,"0,54"
964,"0,64"
965,"0,1"
966,"0,16"
967,"0,14"
968,"0,2"
969,"0,5"
970,"0,18"
971,"0,26"
972,"0,7"
973,"0,5"
974,"0,32"
975,"0,58"
976,"0,12"
977,"0,58"
978,"0,52"
979,"0,62"
980,"0,5"
981,"0,32"
982,"0,28"
983,"0,22"
984,"0,7"
985,"0,7"
986,"0,64"
987,"0,28"
988,"0,64"
989,"0,6"
990,"0,78"
991,"0,18"
992,"0,6"
993,"0,82"
994,"0,28"
995,"0,7"
996,"0,62"
997,"0,48"
998,"0,18"
999,"0,42"
1000,"0,46"
1001,"0,32"
1002,"0,86"
1003,"0,38"
1004,"0,24"
1005,"0,6"
1006,"0,4"
1007,"0,4"
1008,"0,3"
1009,"0,44"
1010,"0,52"
1011,"0,92"
1012,"0,12"
1013,"0,74"
1014,"0,4"
1015,"0,36"
1016,"0,78"
1017,"0,88"
1018,"0,78"
1019,"0,22"
1020,"0,64"
1021,"0,34"
1022,"0,4"
1023,"0,8"
1024,"0,38"
1025,"0,58"
1026,"0,58"
1027,"0,1"
1028,"0,48"
1029,"0,88"
1030,"0,8"
1031,"0,5"
1032,"0,52"
1033,"0,68"
1034,"0,52"
1035,"0,7"
1036,"0,44"
1037,"0,46"
1038,"0,68"
1039,"0,68"
1040,"0,6"
1041,"0,58"
1042,"0,18"
1043,"0,58"
1044,"0,66"
1045,"0,84"
1046,"0,46"
1047,"0,9"
1048,"0,58"
1049,"0,26"
1050,"0,58"
1051,"0,14"
1052,"0,42"
1053,"0,62"
1054,"0,58"
1055,"0,7"
1056,"0,82"
1057,"0,12"
1058,"0,84"
1059,"0,7"
1060,"0,68"
1061,"0,5"
1062,"0,78"
1063,"0,22"
1064,"0,46"
1065,"0,36"
1066,"0,82"
1067,"0,08"
1068,"0,68"
1069,"0,84"
1070,"0,3"
1071,"0,48"
1072,"0,3"
1073,"0,46"
1074,"0,82"
1075,"0,68"
1076,"0,86"
1077,"0,3"
1078,"0,8"
1079,"0,2"
1080,"0,66"
1081,"0,84"
1082,"0,66"
1083,"0,56"
1084,"0,5"
1085,"0,36"
1086,"0,74"
1087,"0,82"
1088,"0,48"
1089,"0,68"
1090,"0,86"
1091,"0,1"
1092,"0,68"
1093,"0,78"
1094,"0,26"
1095,"0,74"
1096,"0,82"
1097,"0,44"
1098,"0,3"
1099,"0,66"
1100,"0,34"
1101,"0,3"
1102,"0,54"
1103,"0,4"
1104,"0,42"
1105,"0,08"
1106,"0,24"
1107,"0,9"
1108,"0,42"
1109,"0,36"
1110,"0,52"
1111,"0,46"
1112,"0,36"
1113,"0,82"
1114,"0,26"
1115,"0,38"
1116,"0,58"
1117,"0,38"
1118,"0,24"
1119,"0,64"
1120,"0,18"
1121,"0,56"
1122,"0,68"
1123,"0,18"
1124,"0,14"
1125,"0,2"
1126,"0,7"
1127,"0,38"
1128,"0,6"
1129,"0,3"
1130,"0,28"
1131,"0,66"
1132,"0,8"
1133,"0,06"
1134,"0,18"
1135,"0,14"
1136,"0,64"
1137,"0,42"
1138,"0,34"
1139,"0,86"
1140,"0,36"
1141,"0,18"
1142,"0,26"
1143,"0,6"
1144,"0,56"
1145,"0,58"
1146,"0,4"
1147,"0,12"
1148,"0,36"
1149,"0,18"
1150,"0,3"
1151,"0,22"
1152,"0,52"
1153,"0,26"
1154,"0,42"
1155,"0,74"
1156,"0,4"
1157,"0,48"
1158,"0,36"
1159,"0,5"
1160,"0,7"
1161,"0,12"
1162,"0,92"
1163,"0,94"
1164,"0,42"
1165,"0,7"
1166,"0,44"
1167,"0,3"
1168,"0,34"
1169,"0,82"
1170,"0,42"
1171,"0,66"
1172,"0,42"
1173,"0,56"
1174,"0,46"
1175,"0,84"
1176,"0,62"
1177,"0,34"
1178,"0,86"
1179,"0,24"
1180,"0,76"
1181,"0,36"
1182,"0,46"
1183,"0,3"
1184,"0,2"
1185,"0,64"
1186,"0,36"
1187,"0,8"
1188,"0,6"
1189,"0,68"
1190,"0,68"
1191,"0,86"
1192,"0,32"
1193,"0,46"
1194,"0,38"
1195,"0,2"
1196,"0,18"
1197,"0,52"
1198,"0,84"
1199,"0,58"
1200,"0,46"
1201,"0,32"
1202,"0,2"
1203,"0,16"
1204,"0,32"
1205,"0,26"
1206,"0,82"
1207,"0,3"
1208,"0,7"
1209,"0,3"
1210,"0,48"
1211,"0,36"
1212,"0,54"
1213,"0,28"
1214,"0,42"
1215,"0,46"
1216,"0,3"
1217,"0,76"
1218,"0,66"
1219,"0,2"
1220,"0,28"
1221,"0,68"
1222,"0,76"
1223,"0,16"
1224,"0,46"
1225,"0,48"
1226,"0,26"
1227,"0,86"
1228,"0,66"
1229,"0,16"
1230,"0,68"
1231,"0,26"
1232,"0,46"
1233,"0,66"
1234,"0,66"
1235,"0,66"
1236,"0,36"
1237,"0,12"
1238,"0,54"
1239,"0,8"
1240,"0,52"
1241,"0,44"
1242,"0,8"
1243,"0,48"
1244,"0,66"
1245,"0,26"
1246,"0,5"
1247,"0,58"
1248,"0,14"
1249,"0,72"
1250,"0,62"
1251,"0,32"
1252,"0,46"
1253,"0,1"
1254,"0,3"
1255,"0,78"
1256,"0,62"
1257,"0,28"
1258,"0,4"
1259,"0,72"
1260,"0,3"
1261,"0,56"
1262,"0,32"
1263,"0,7"
1264,"0,74"
1265,"0,36"
1266,"0,66"
1267,"0,84"
1268,"0,52"
1269,"0,18"
1270,"0,28"
1271,"0,84"
1272,"0,26"
1273,"0,58"
1274,"0,52"
1275,"0,76"
1276,"0,6"
1277,"0,54"
1278,"0,5"
1279,"0,22"
1280,"0,38"
1281,"0,48"
1282,"0,18"
1283,"0,4"
1284,"0,6"
1285,"0,76"
1286,"0,56"
1287,"0,18"
1288,"0,34"
1289,"0,1"
1290,"0,38"
1291,"0,46"
1292,"0,3"
1293,"0,36"
1294,"0,4"
1295,"0,42"
1296,"0,64"
1297,"0,76"
1298,"0,72"
1299,"0,74"
1300,"0,32"
1301,"0,68"
1302,"0,86"
1303,"0,54"
1304,"0,56"
1305,"0,58"
1306,"0,68"
1307,"0,4"
1308,"0,5"
1309,"0,24"
1310,"0,66"
1311,"0,6"
1312,"0,06"
1313,"0,8"
1314,"0,42"
1315,"0,68"
1316,"0,4"
1317,"0,18"
1318,"0,76"
1319,"0,72"
1320,"0,1"
1321,"0,78"
1322,"0,56"
1323,"0,32"
1324,"0,2"
1325,"0,5"
1326,"0,74"
1327,"0,26"
1328,"0,42"
1329,"0,46"
1330,"0,18"
1331,"0,82"
1332,"0,7"
1333,"0,1"
1334,"0,38"
1335,"0,82"
1336,"0,16"
1337,"0,82"
1338,"0,56"
1339,"0,62"
1340,"0,26"
1341,"0,3"
1342,"0,24"
1343,"0,12"
1344,"0,24"
1345,"0,2"
1346,"0,12"
1347,"0,66"
1348,"0,46"
1349,"0,16"
1350,"0,24"
1351,"0,18"
1352,"0,6"
1353,"0,44"
1354,"0,56"
1355,"0,32"
1356,"0,08"
1357,"0,1"
1358,"0,48"
1359,"0,5"
1360,"0,82"
1361,"0,48"
1362,"0,1"
1363,"0,78"
1364,"0,38"
1365,"0,96"
1366,"0,22"
1367,"0,18"
1368,"0,92"
1369,"0,94"
1370,"0,82"
1371,"0,82"
1372,"0,52"
1373,"0,42"
1374,"0,52"
1375,"0,2"
1376,"0,26"
1377,"0,34"
1378,"0,18"
1379,"0,22"
1380,"0,32"
1381,"0,14"
1382,"0,28"
1383,"0,72"
1384,"0,46"
1385,"0,86"
1386,"0,66"
1387,"0,34"
1388,"0,66"
1389,"0,42"
1390,"0,68"
1391,"0,2"
1392,"0,88"
1393,"0,62"
1394,"0,62"
1395,"0,38"
1396,"0,42"
1397,"0,64"
1398,"0,2"
1399,"0,66"
1400,"0,64"
1401,"0,86"
1402,"0,32"
1403,"0,8"
1404,"0,66"
1405,"0,74"
1406,"0,52"
1407,"0,22"
1408,"0,58"
1409,"0,42"
1410,"0,52"
1411,"0,18"
1412,"0,08"
1413,"0,42"
1414,"0,36"
1415,"0,4"
1416,"0,66"
1417,"0,18"
1418,"0,6"
1419,"0,54"
1420,"0,74"
1421,"0,54"
1422,"0,68"
1423,"0,58"
1424,"0,48"
1425,"0,98"
1426,"0,44"
1427,"0,46"
1428,"0,36"
1429,"0,34"
1430,"0,82"
1431,"0,54"
1432,"0,62"
1433,"0,8"
1434,"0,52"
1435,"0,58"
1436,"0,62"
1437,"0,48"
1438,"0,24"
1439,"0,54"
1440,"0,74"
1441,"0,42"
1442,"0,8"
1443,"0,78"
1444,"0,42"
1445,"0,6"
1446,"0,64"
1447,"0,24"
1448,"0,8"
1449,"0,24"
1450,"0,62"
1451,"0,12"
1452,"0,3"
1453,"0,82"
1454,"0,24"
1455,"0,8"
1456,"0,54"
1457,"0,52"
1458,"0,86"
1459,"0,74"
1460,"0,56"
1461,"0,24"
1462,"0,58"
1463,"0,66"
1464,"0,54"
1465,"0,18"
1466,"0,6"
1467,"0,54"
1468,"0,3"
1469,"0,82"
1470,"0,62"
1471,"0,4"
1472,"0,12"
1473,"0,56"
1474,"0,28"
1475,"0,36"
1476,"0,54"
1477,"0,32"
1478,"0,66"
1479,"0,56"
1480,"0,32"
1481,"0,64"
1482,"0,76"
1483,"0,68"
1484,"0,72"
1485,"0,82"
1486,"0,5"
1487,"0,32"
1488,"0,76"
1489,"0,3"
1490,"0,14"
1491,"0,5"
1492,"0,26"
1493,"0,6"
1494,"0,22"
1495,"0,52"
1496,"0,58"
1497,"0,38"
1498,"0,42"
1499,"0,8"
1500,"0,88"
1501,"0,4"
1502,"0,9"
1503,"0,3"
1504,"0,4"
1505,"0,3"
1506,"0,52"
1507,"0,44"
1508,"0,2"
1509,"0,9"
1510,"0,26"
1511,"0,4"
1512,"0,14"
1513,"0,1"
1514,"0,38"
1515,"0,2"
1516,"0,64"
1517,"0,4"
1518,"0,8"
1519,"0,4"
1520,"0,68"
1521,"0,1"
1522,"0,4"
1523,"0,54"
1524,"0,14"
1525,"0,84"
1526,"0,78"
1527,"0,26"
1528,"0,92"
1529,"0,24"
1530,"0,84"
1531,"0,56"
1532,"0,4"
1533,"0,22"
1534,"0,26"
1535,"0,14"
1536,"0,14"
1537,"0,34"
1538,"0,34"
1539,"0,76"
1540,"0,38"
1541,"0,8"
1542,"0,76"
1543,"0,6"
1544,"0,42"
1545,"0,46"
1546,"0,48"
1547,"0,56"
1548,"0,94"
1549,"0,6"
1550,"0,66"
1551,"0,8"
1552,"0,8"
1553,"0,72"
1554,"0,78"
1555,"0,52"
1556,"0,48"
1557,"0,36"
1558,"0,7"
1559,"0,6"
1560,"0,4"
1561,"0,6"
1562,"0,28"
1563,"0,58"
1564,"0,5"
1565,"0,68"
1566,"0,38"
1567,"0,74"
1568,"0,54"
1569,"0,62"
1570,"0,8"
1571,"0,66"
1572,"0,88"
1573,"0,48"
1574,"0,6"
1575,"0,32"
1576,"0,28"
1577,"0,84"
1578,"0,28"
1579,"0,2"
1580,"0,48"
1581,"0,42"
1582,"0,36"
1583,"0,62"
1584,"0,46"
1585,"0,26"
1586,"0,62"
1587,"0,26"
1588,"0,42"
1589,"0,32"
1590,"0,32"
1591,"0,3"
1592,"0,68"
1593,"0,84"
1594,"0,28"
1595,"0,42"
1596,"0,58"
1597,"0,52"
1598,"0,2"
1599,"0,52"
1600,"0,76"
1601,"0,26"
1602,"0,76"
1603,"0,48"
1604,"0,74"
1605,"0,22"
1606,"0,28"
1607,"0,14"
1608,"0,44"
1609,"0,36"
1610,"0,52"
1611,"0,54"
1612,"0,3"
1613,"0,68"
1614,"0,3"
1615,"0,22"
1616,"0,7"
1617,"0,4"
1618,"0,52"
1619,"0,44"
1620,"0,16"
1621,"0,88"
1622,"0,22"
1623,"0,38"
1624,"0,56"
1625,"0,44"
1626,"0,24"
1627,"0,6"
1628,"0,74"
1629,"0,86"
1630,"0,26"
1631,"0,28"
1632,"0,92"
1633,"0,7"
1634,"0,5"
1635,"0,56"
1636,"0,54"
1637,"0,58"
1638,"0,34"
1639,"0,32"
1640,"0,8"
1641,"0,14"
1642,"0,24"
1643,"0,38"
1644,"0,4"
1645,"0,26"
1646,"0,38"
1647,"0,68"
1648,"0,28"
1649,"0,5"
1650,"0,62"
1651,"0,16"
1652,"0,18"
1653,"0,54"
1654,"0,6"
1655,"0,7"
1656,"0,48"
1657,"0,86"
1658,"0,22"
1659,"0,5"
1660,"0,72"
1661,"0,36"
1662,"0,46"
1663,"0,52"
1664,"0,66"
1665,"0,54"
1666,"0,42"
1667,"0,36"
1668,"0,1"
1669,"0,16"
1670,"0,24"
1671,"0,54"
1672,"0,58"
1673,"0,6"
1674,"0,62"
1675,"0,48"
1676,"0,78"
1677,"0,18"
1678,"0,88"
1679,"0,08"
1680,"0,36"
1681,"0,46"
1682,"0,34"
1683,"0,5"
1684,"0,74"
1685,"0,32"
1686,"0,28"
1687,"0,66"
1688,"0,36"
1689,"0,32"
1690,"0,4"
1691,"0,26"
1692,"0,3"
1693,"0,16"
1694,"0,84"
1695,"0,46"
1696,"0,52"
1697,"0,44"
1698,"0,56"
1699,"0,54"
1700,"0,54"
1701,"0,64"
1702,"0,6"
1703,"0,58"
1704,"0,32"
1705,"0,48"
1706,"0,62"
1707,"0,36"
1708,"0,38"
1709,"0,34"
1710,"0,34"
1711,"0,54"
1712,"0,3"
1713,"0,24"
1714,"0,52"
1715,"0,72"
1716,"0,3"
1717,"0,36"
1718,"0,66"
1719,"0,66"
1720,"0,82"
1721,"0,88"
1722,"0,66"
1723,"0,3"
1724,"0,22"
1725,"0,24"
1726,"0,38"
1727,"0,44"
1728,"0,9"
1729,"0,48"
1730,"0,24"
1731,"0,32"
1732,"0,48"
1733,"0,5"
1734,"0,24"
1735,"0,14"
1736,"0,46"
1737,"0,16"
1738,"0,24"
1739,"0,32"
1740,"0,3"
1741,"0,38"
1742,"0,06"
1743,"0,42"
1744,"0,7"
1745,"0,78"
1746,"0,56"
1747,"0,38"
1748,"0,5"
1749,"0,66"
1750,"0,46"
1751,"0,14"
1752,"0,68"
1753,"0,56"
1754,"0,86"
1755,"0,28"
1756,"0,44"
1757,"0,28"
1758,"0,48"
1759,"0,5"
1760,"0,9"
1761,"0,46"
1762,"0,14"
1763,"0,4"
1764,"0,32"
1765,"0,34"
1766,"0,34"
1767,"0,78"
1768,"0,16"
1769,"0,32"
1770,"0,42"
1771,"0,36"
1772,"0,16"
1773,"0,4"
1774,"0,66"
1775,"0,54"
1776,"0,4"
1777,"0,3"
1778,"0,34"
1779,"0,66"
1780,"0,58"
1781,"0,34"
1782,"0,54"
1783,"0,5"
1784,"0,44"
1785,"0,54"
1786,"0,48"
1787,"0,34"
1788,"0,28"
1789,"0,24"
1790,"0,62"
1791,"0,26"
1792,"0,32"
1793,"0,4"
1794,"0,68"
1795,"0,22"
1796,"0,42"
1797,"0,54"
1798,"0,44"
1799,"0,1"
1800,"0,52"
1801,"0,72"
1802,"0,58"
1803,"0,74"
1804,"0,16"
1805,"0,44"
1806,"0,3"
1807,"0,56"
1808,"0,58"
1809,"0,84"
1810,"0,62"
1811,"0,56"
1812,"0,54"
1813,"0,78"
1814,"0,3"
1815,"0,54"
1816,"0,52"
1817,"0,14"
1818,"0,68"
1819,"0,66"
1820,"0,66"
1821,"0,72"
1822,"0,68"
1823,"0,7"
1824,"0,44"
1825,"0,32"
1826,"0,78"
1827,"0,42"
1828,"0,36"
1829,"0,86"
1830,"0,7"
1831,"0,44"
1832,"0,88"
1833,"0,22"
1834,"0,62"
1835,"0,18"
1836,"0,56"
1837,"0,2"
1838,"0,24"
1839,"0,32"
1840,"0,66"
1841,"0,14"
1842,"0,38"
1843,"0,7"
1844,"0,62"
1845,"0,86"
1846,"0,56"
1847,"0,66"
1848,"0,12"
1849,"0,1"
1850,"0,2"
1851,"0,32"
1852,"0,6"
1853,"0,88"
1854,"0,58"
1855,"0,32"
1856,"0,58"
1857,"0,46"
1858,"0,14"
1859,"0,44"
1860,"0,18"
1861,"0,64"
1862,"0,08"
1863,"0,46"
1864,"0,42"
1865,"0,42"
1866,"0,14"
1867,"0,6"
1868,"0,76"
1869,"0,14"
1870,"0,58"
1871,"0,22"
1872,"0,76"
1873,"0,16"
1874,"0,54"
1875,"0,82"
1876,"0,32"
1877,"0,06"
1878,"0,22"
1879,"0,6"
1880,"0,72"
1881,"0,2"
1882,"0,76"
1883,"0,3"
1884,"0,42"
1885,"0,36"
1886,"0,04"
1887,"0,22"
1888,"0,54"
1889,"0,84"
1890,"0,16"
1891,"0,72"
1892,"0,58"
1893,"0,2"
1894,"0,48"
1895,"0,14"
1896,"0,58"
1897,"0,64"
1898,"0,72"
1899,"0,26"
1900,"0,68"
1901,"0,4"
1902,"0,24"
1903,"0,36"
1904,"0,14"
1905,"0,68"
1906,"0,22"
1907,"0,6"
1908,"0,4"
1909,"0,2"
1910,"0,88"
1911,"0,18"
1912,"0,8"
1913,"0,46"
1914,"0,44"
1915,"0,48"
1916,"0,52"
1917,"0,34"
1918,"0,38"
1919,"0,88"
1920,"0,2"
1921,"0,12"
1922,"0,4"
1923,"0,52"
1924,"0,36"
1925,"0,5"
1926,"0,52"
1927,"0,28"
1928,"0,26"
1929,"0,44"
1930,"0,72"
1931,"0,56"
1932,"0,28"
1933,"0,54"
1934,"0,4"
1935,"0,82"
1936,"0,34"
1937,"0,72"
1938,"0,7"
1939,"0,48"
1940,"0,66"
1941,"0,22"
1942,"0,5"
1943,"0,44"
1944,"0,76"
1945,"0,12"
1946,"0,34"
1947,"0,56"
1948,"0,26"
1949,"0,72"
1950,"0,48"
1951,"0,62"
1952,"0,16"
1953,"0,58"
1954,"0,4"
1955,"0,46"
1956,"0,7"
1957,"0,5"
1958,"0,2"
1959,"0,66"
1960,"0,2"
1961,"0,82"
1962,"0,54"
1963,"0,46"
1964,"0,66"
1965,"0,56"
1966,"0,42"
1967,"0,88"
1968,"0,24"
1969,"0,42"
1970,"0,82"
1971,"0,88"
1972,"0,22"
1973,"0,24"
1974,"0,46"
1975,"0,86"
1976,"0,64"
1977,"0,78"
1978,"0,78"
1979,"0,38"
1980,"0,56"
1981,"0,82"
1982,"0,36"
1983,"0,18"
1984,"0,58"
1985,"0,74"
1986,"0,14"
1987,"0,32"
1988,"0,6"
1989,"0,7"
1990,"0,4"
1991,"0,72"
1992,"0,48"
1993,"0,24"
1994,"0,88"
1995,"0,38"
1996,"0,24"
1997,"0,56"
1998,"0,72"
1999,"0,44"
2000,"0,5"
2001,"0,56"
2002,"0,56"
2003,"0,38"
2004,"0,84"
2005,"0,56"
2006,"0,32"
2007,"0,6"
2008,"0,36"
2009,"0,74"
2010,"0,26"
2011,"0,78"
2012,"0,26"
2013,"0,42"
2014,"0,74"
2015,"0,4"
2016,"0,74"
2017,"0,46"
2018,"0,8"
2019,"0,24"
2020,"0,78"
2021,"0,58"
2022,"0,44"
2023,"0,24"
2024,"0,76"
2025,"0,42"
2026,"0,24"
2027,"0,86"
2028,"0,74"
2029,"0,56"
2030,"0,8"
2031,"0,82"
2032,"0,82"
2033,"0,74"
2034,"0,32"
2035,"0,3"
2036,"0,38"
2037,"0,26"
2038,"0,64"
2039,"0,42"
2040,"0,26"
2041,"0,24"
2042,"0,46"
2043,"0,46"
2044,"0,74"
2045,"0,78"
2046,"0,42"
2047,"0,44"
2048,"0,46"
2049,"0,12"
2050,"0,9"
2051,"0,34"
2052,"0,78"
2053,"0,72"
2054,"0,22"
2055,"0,52"
2056,"0,64"
2057,"0,54"
2058,"0,74"
2059,"0,44"
2060,"0,56"
2061,"0,12"
2062,"0,08"
2063,"0,14"
2064,"0,28"
2065,"0,42"
2066,"0,32"
2067,"0,58"
2068,"0,84"
2069,"0,7"
2070,"0,68"
2071,"0,28"
2072,"0,08"
2073,"0,34"
2074,"0,78"
2075,"0,56"
2076,"0,74"
2077,"0,26"
2078,"0,28"
2079,"0,52"
2080,"0,44"
2081,"0,7"
2082,"0,66"
2083,"0,4"
2084,"0,8"
2085,"0,58"
2086,"0,52"
2087,"0,22"
2088,"0,66"
2089,"0,5"
2090,"0,8"
2091,"0,8"
2092,"0,7"
2093,"0,38"
2094,"0,12"
2095,"0,22"
2096,"0,34"
2097,"0,52"
2098,"0,34"
2099,"0,62"
2100,"0,62"
2101,"0,24"
2102,"0,28"
2103,"0,12"
2104,"0,62"
2105,"0,76"
2106,"0,54"
2107,"0,12"
2108,"0,9"
2109,"0,28"
2110,"0,82"
2111,"0,54"
2112,"0,72"
2113,"0,22"
2114,"0,72"
2115,"0,22"
2116,"0,42"
2117,"0,18"
2118,"0,56"
2119,"0,56"
2120,"0,4"
2121,"0,16"
2122,"0,18"
2123,"0,48"
2124,"0,46"
2125,"0,8"
2126,"0,36"
2127,"0,74"
2128,"0,16"
2129,"0,54"
2130,"0,64"
2131,"0,34"
2132,"0,64"
2133,"0,6"
2134,"0,34"
2135,"0,3"
2136,"0,84"
2137,"0,4"
2138,"0,58"
2139,"0,6"
2140,"0,4"
2141,"0,5"
2142,"0,28"
2143,"0,74"
2144,"0,62"
2145,"0,44"
2146,"0,42"
2147,"0,56"
2148,"0,14"
2149,"0,28"
2150,"0,6"
2151,"0,32"
2152,"0,3"
2153,"0,68"
2154,"0,38"
2155,"0,76"
2156,"0,72"
2157,"0,76"
2158,"0,24"
2159,"0,16"
2160,"0,46"
2161,"0,58"
2162,"0,36"
2163,"0,78"
2164,"0,26"
2165,"0,22"
2166,"0,82"
2167,"0,26"
2168,"0,16"
2169,"0,18"
2170,"0,26"
2171,"0,9"
2172,"0,76"
2173,"0,64"
2174,"0,38"
2175,"0,82"
2176,"0,48"
2177,"0,32"
2178,"0,8"
2179,"0,16"
2180,"0,24"
2181,"0,4"
2182,"0,9"
2183,"0,48"
2184,"0,24"
2185,"0,44"
2186,"0,42"
2187,"0,5"
2188,"0,16"
2189,"0,16"
2190,"0,16"
2191,"0,2"
2192,"0,46"
2193,"0,48"
2194,"0,2"
2195,"0,38"
2196,"0,44"
2197,"0,36"
2198,"0,3"
2199,"0,5"
2200,"0,26"
2201,"0,32"
2202,"0,24"
2203,"0,26"
2204,"0,28"
2205,"0,2"
2206,"0,22"
2207,"0,66"
2208,"0,22"
2209,"0,62"
2210,"0,62"
2211,"0,62"
2212,"0,24"
2213,"0,54"
2214,"0,48"
2215,"0,86"
2216,"0,38"
2217,"0,74"
2218,"0,28"
2219,"0,48"
2220,"0,74"
2221,"0,76"
2222,"0,2"
2223,"0,5"
2224,"0,16"
2225,"0,74"
2226,"0,48"
2227,"0,64"
2228,"0,54"
2229,"0,66"
2230,"0,18"
2231,"0,36"
2232,"0,42"
2233,"0,24"
2234,"0,22"
2235,"0,7"
2236,"0,52"
2237,"0,48"
2238,"0,82"
2239,"0,74"
2240,"0,84"
2241,"0,06"
2242,"0,46"
2243,"0,48"
2244,"0,42"
2245,"0,74"
2246,"0,22"
2247,"0,86"
2248,"0,84"
2249,"0,32"
2250,"0,84"
2251,"0,3"
2252,"0,42"
2253,"0,36"
2254,"0,66"
2255,"0,66"
2256,"0,32"
2257,"0,86"
2258,"0,84"
2259,"0,44"
2260,"0,62"
2261,"0,28"
2262,"0,32"
2263,"0,72"
2264,"0,56"
2265,"0,42"
2266,"0,38"
2267,"0,14"
2268,"0,32"
2269,"0,58"
2270,"0,48"
2271,"0,54"
2272,"0,42"
2273,"0,14"
2274,"0,32"
2275,"0,72"
2276,"0,44"
2277,"0,56"
2278,"0,72"
2279,"0,66"
2280,"0,42"
2281,"0,9"
2282,"0,48"
2283,"0,76"
2284,"0,14"
2285,"0,66"
2286,"0,16"
2287,"0,14"
2288,"0,2"
2289,"0,46"
2290,"0,72"
2291,"0,62"
2292,"0,28"
2293,"0,18"
2294,"0,82"
2295,"0,6"
2296,"0,78"
2297,"0,3"
2298,"0,32"
2299,"0,56"
2300,"0,36"
2301,"0,8"
2302,"0,74"
2303,"0,82"
2304,"0,82"
2305,"0,9"
2306,"0,08"
2307,"0,2"
2308,"0,52"
2309,"0,26"
2310,"0,66"
2311,"0,44"
2312,"0,86"
2313,"0,8"
2314,"0,32"
2315,"0,4"
2316,"0,38"
2317,"0,66"
2318,"0,08"
2319,"0,42"
2320,"0,74"
2321,"0,74"
2322,"0,16"
2323,"0,76"
2324,"0,64"
2325,"0,38"
2326,"0,36"
2327,"0,2"
2328,"0,38"
2329,"0,28"
2330,"0,44"
2331,"0,14"
2332,"0,1"
2333,"0,26"
2334,"0,2"
2335,"0,38"
2336,"0,16"
2337,"0,5"
2338,"0,78"
2339,"0,44"
2340,"0,24"
2341,"0,26"
2342,"0,76"
2343,"0,8"
2344,"0,72"
2345,"0,68"
2346,"0,4"
2347,"0,3"
2348,"0,58"
2349,"0,36"
2350,"0,22"
2351,"0,8"
2352,"0,74"
2353,"0,48"
2354,"0,12"
2355,"0,68"
2356,"0,56"
2357,"0,68"
2358,"0,54"
2359,"0,6"
2360,"0,9"
2361,"0,4"
2362,"0,68"
2363,"0,46"
2364,"0,18"
2365,"0,74"
2366,"0,4"
2367,"0,78"
2368,"0,88"
2369,"0,66"
2370,"0,66"
2371,"0,52"
2372,"0,6"
2373,"0,46"
2374,"0,24"
2375,"0,16"
2376,"0,28"
2377,"0,66"
2378,"0,16"
2379,"0,8"
2380,"0,64"
2381,"0,42"
2382,"0,24"
2383,"0,26"
2384,"0,18"
2385,"0,5"
2386,"0,66"
2387,"0,66"
2388,"0,18"
2389,"0,5"
2390,"0,28"
2391,"0,2"
2392,"0,3"
2393,"0,7"
2394,"0,26"
2395,"0,6"
2396,"0,46"
2397,"0,68"
2398,"0,18"
2399,"0,82"
2400,"0,22"
2401,"0,74"
2402,"0,36"
2403,"0,72"
2404,"0,42"
2405,"0,48"
2406,"0,78"
2407,"0,16"
2408,"0,54"
2409,"0,72"
2410,"0,28"
2411,"0,36"
2412,"0,38"
2413,"0,72"
2414,"0,2"
2415,"0,14"
2416,"0,7"
2417,"0,24"
2418,"0,72"
2419,"0,58"
2420,"0,82"
2421,"0,64"
2422,"0,74"
2423,"0,32"
2424,"0,26"
2425,"0,68"
2426,"0,22"
2427,"0,44"
2428,"0,72"
2429,"0,3"
2430,"0,28"
2431,"0,2"
2432,"0,7"
2433,"0,4"
2434,"0,86"
2435,"0,64"
2436,"0,34"
2437,"0,62"
2438,"0,36"
2439,"0,34"
2440,"0,44"
2441,"0,26"
2442,"0,4"
2443,"0,42"
2444,"0,76"
2445,"0,62"
2446,"0,82"
2447,"0,44"
2448,"0,74"
2449,"0,74"
2450,"0,64"
2451,"0,86"
2452,"0,34"
2453,"0,42"
2454,"0,1"
2455,"0,28"
2456,"0,42"
2457,"0,2"
2458,"0,44"
2459,"0,26"
2460,"0,48"
2461,"0,44"
2462,"0,36"
2463,"0,12"
2464,"0,18"
2465,"0,8"
2466,"0,52"
2467,"0,54"
2468,"0,76"
2469,"0,46"
2470,"0,8"
2471,"0,36"
2472,"0,3"
2473,"0,8"
2474,"0,38"
2475,"0,22"
2476,"0,72"
2477,"0,54"
2478,"0,22"
2479,"0,38"
2480,"0,46"
2481,"0,78"
2482,"0,48"
2483,"0,38"
2484,"0,5"
2485,"0,74"
2486,"0,42"
2487,"0,62"
2488,"0,26"
2489,"0,18"
2490,"0,14"
2491,"0,42"
2492,"0,2"
2493,"0,34"
2494,"0,58"
2495,"0,5"
2496,"0,3"
2497,"0,32"
2498,"0,54"
2499,"0,44"
2500,"0,46"
2501,"0,14"
2502,"0,56"
2503,"0,68"
2504,"0,14"
2505,"0,38"
2506,"0,6"
2507,"0,56"
2508,"0,74"
2509,"0,3"
2510,"0,1"
2511,"0,56"
2512,"0,58"
2513,"0,3"
2514,"0,28"
2515,"0,58"
2516,"0,52"
2517,"0,18"
2518,"0,88"
2519,"0,28"
2520,"0,38"
2521,"0,74"
2522,"0,5"
2523,"0,64"
2524,"0,58"
2525,"0,48"
2526,"0,36"
2527,"0,9"
2528,"0,62"
2529,"0,32"
2530,"0,92"
2531,"0,94"
2532,"0,14"
2533,"0,52"
2534,"0,44"
2535,"0,32"
2536,"0,5"
2537,"0,7"
2538,"0,38"
2539,"0,76"
2540,"0,5"
2541,"0,42"
2542,"0,68"
2543,"0,52"
2544,"0,62"
2545,"0,6"
2546,"0,32"
2547,"0,54"
2548,"0,5"
2549,"0,78"
2550,"0,5"
2551,"0,78"
2552,"0,44"
2553,"0,62"
2554,"0,7"
2555,"0,3"
2556,"0,54"
2557,"0,52"
2558,"0,16"
2559,"0,84"
2560,"0,18"
2561,"0,46"
2562,"0,22"
2563,"0,58"
2564,"0,66"
2565,"0,26"
2566,"0,7"
2567,"0,78"
2568,"0,44"
2569,"0,72"
2570,"0,12"
2571,"0,5"
2572,"0,68"
2573,"0,38"
2574,"0,42"
2575,"0,18"
2576,"0,82"
2577,"0,14"
2578,"0,3"
2579,"0,74"
2580,"0,66"
2581,"0,32"
2582,"0,16"
2583,"0,34"
2584,"0,24"
2585,"0,28"
2586,"0,28"
2587,"0,38"
2588,"0,38"
2589,"0,14"
2590,"0,78"
2591,"0,64"
2592,"0,16"
2593,"0,42"
2594,"0,34"
2595,"0,38"
2596,"0,4"
2597,"0,7"
2598,"0,8"
2599,"0,62"
2600,"0,64"
2601,"0,2"
2602,"0,78"
2603,"0,84"
2604,"0,76"
2605,"0,3"
2606,"0,36"
2607,"0,44"
2608,"0,58"
2609,"0,3"
2610,"0,78"
2611,"0,48"
2612,"0,76"
2613,"0,74"
2614,"0,52"
2615,"0,56"
2616,"0,7"
2617,"0,26"
2618,"0,32"
2619,"0,88"
2620,"0,58"
2621,"0,66"
2622,"0,74"
2623,"0,38"
2624,"0,26"
2625,"0,7"
2626,"0,8"
2627,"0,24"
2628,"0,7"
2629,"0,12"
2630,"0,54"
2631,"0,42"
2632,"0,66"
2633,"0,32"
2634,"0,14"
2635,"0,74"
2636,"0,66"
2637,"0,3"
2638,"0,44"
2639,"0,18"
2640,"0,26"
2641,"0,54"
2642,"0,38"
2643,"0,48"
2644,"0,18"
2645,"0,7"
2646,"0,42"
2647,"0,24"
2648,"0,46"
2649,"0,32"
2650,"0,7"
2651,"0,3"
2652,"0,6"
2653,"0,14"
2654,"0,74"
2655,"0,72"
2656,"0,2"
2657,"0,26"
2658,"0,62"
2659,"0,38"
2660,"0,64"
2661,"0,54"
2662,"0,3"
2663,"0,66"
2664,"0,44"
2665,"0,5"
2666,"0,7"
2667,"0,74"
2668,"0,04"
2669,"0,1"
2670,"0,58"
2671,"0,84"
2672,"0,56"
2673,"0,6"
2674,"0,14"
2675,"0,36"
2676,"0,8"
2677,"0,52"
2678,"0,82"
2679,"0,34"
2680,"0,48"
2681,"0,7"
2682,"0,32"
2683,"0,68"
2684,"0,3"
2685,"0,24"
2686,"0,66"
2687,"0,54"
2688,"0,22"
2689,"0,24"
2690,"0,54"
2691,"0,78"
2692,"0,2"
2693,"0,8"
2694,"0,12"
2695,"0,8"
2696,"0,64"
2697,"0,84"
2698,"0,18"
2699,"0,2"
2700,"0,9"
2701,"0,62"
2702,"0,38"
2703,"0,18"
2704,"0,26"
2705,"0,42"
2706,"0,76"
2707,"0,6"
2708,"0,68"
2709,"0,42"
2710,"0,38"
2711,"0,44"
2712,"0,12"
2713,"0,14"
2714,"0,76"
2715,"0,94"
2716,"0,18"
2717,"0,88"
2718,"0,58"
2719,"0,14"
2720,"0,32"
2721,"0,82"
2722,"0,56"
2723,"0,58"
2724,"0,34"
2725,"0,3"
2726,"0,12"
2727,"0,4"
2728,"0,36"
2729,"0,8"
2730,"0,64"
2731,"0,44"
2732,"0,5"
2733,"0,42"
2734,"0,5"
2735,"0,22"
2736,"0,3"
2737,"0,6"
2738,"0,46"
2739,"0,36"
2740,"0,56"
2741,"0,8"
2742,"0,36"
2743,"0,7"
2744,"0,6"
2745,"0,3"
2746,"0,62"
2747,"0,54"
2748,"0,7"
2749,"0,54"
2750,"0,56"
2751,"0,3"
2752,"0,16"
2753,"0,32"
2754,"0,42"
2755,"0,14"
2756,"0,18"
2757,"0,54"
2758,"0,52"
2759,"0,12"
2760,"0,64"
2761,"0,86"
2762,"0,14"
2763,"0,56"
2764,"0,54"
2765,"0,38"
2766,"0,28"
2767,"0,4"
2768,"0,28"
2769,"0,7"
2770,"0,32"
2771,"0,06"
2772,"0,24"
2773,"0,54"
2774,"0,5"
2775,"0,82"
2776,"0,38"
2777,"0,44"
2778,"0,88"
2779,"0,9"
2780,"0,48"
2781,"0,44"
2782,"0,56"
2783,"0,74"
2784,"0,84"
2785,"0,2"
2786,"0,24"
2787,"0,3"
2788,"0,22"
2789,"0,64"
2790,"0,14"
2791,"0,36"
2792,"0,22"
2793,"0,58"
2794,"0,5"
2795,"0,52"
2796,"0,32"
2797,"0,84"
2798,"0,84"
2799,"0,58"
2800,"0,18"
2801,"0,1"
2802,"0,22"
2803,"0,56"
2804,"0,48"
2805,"0,78"
2806,"0,56"
2807,"0,78"
2808,"0,1"
2809,"0,3"
2810,"0,72"
2811,"0,18"
2812,"0,38"
2813,"0,46"
2814,"0,18"
2815,"0,6"
2816,"0,64"
2817,"0,48"
2818,"0,18"
2819,"0,3"
2820,"0,26"
2821,"0,34"
2822,"0,62"
2823,"0,88"
2824,"0,92"
2825,"0,84"
2826,"0,78"
2827,"0,8"
2828,"0,44"
2829,"0,2"
2830,"0,5"
2831,"0,58"
2832,"0,56"
2833,"0,66"
2834,"0,66"
2835,"0,8"
2836,"0,46"
2837,"0,32"
2838,"0,42"
2839,"0,44"
2840,"0,54"
2841,"0,22"
2842,"0,22"
2843,"0,64"
2844,"0,42"
2845,"0,18"
2846,"0,6"
2847,"0,52"
2848,"0,74"
2849,"0,42"
2850,"0,74"
2851,"0,26"
2852,"0,48"
2853,"0,16"
2854,"0,7"
2855,"0,32"
2856,"0,08"
2857,"0,6"
2858,"0,86"
2859,"0,5"
2860,"0,14"
2861,"0,72"
2862,"0,52"
2863,"0,16"
2864,"0,74"
2865,"0,22"
2866,"0,36"
2867,"0,66"
2868,"0,24"
2869,"0,7"
2870,"0,16"
2871,"0,5"
2872,"0,84"
2873,"0,16"
2874,"0,3"
2875,"0,12"
2876,"0,88"
2877,"0,84"
2878,"0,8"
2879,"0,18"
2880,"0,62"
2881,"0,5"
2882,"0,54"
2883,"0,42"
2884,"0,38"
2885,"0,4"
2886,"0,18"
2887,"0,18"
2888,"0,14"
2889,"0,68"
2890,"0,54"
2891,"0,2"
2892,"0,42"
2893,"0,64"
2894,"0,4"
2895,"0,84"
2896,"0,38"
2897,"0,56"
2898,"0,22"
2899,"0,42"
2900,"0,92"
2901,"0,2"
2902,"0,76"
2903,"0,64"
2904,"0,42"
2905,"0,48"
2906,"0,58"
2907,"0,26"
2908,"0,44"
2909,"0,6"
2910,"0,44"
2911,"0,14"
2912,"0,4"
2913,"0,26"
2914,"0,5"
2915,"0,66"
2916,"0,38"
2917,"0,88"
2918,"0,74"
2919,"0,16"
2920,"0,68"
2921,"0,74"
2922,"0,42"
2923,"0,48"
2924,"0,4"
2925,"0,2"
2926,"0,32"
2927,"0,8"
2928,"0,8"
2929,"0,4"
2930,"0,1"
2931,"0,76"
2932,"0,24"
2933,"0,1"
2934,"0,8"
2935,"0,48"
2936,"0,84"
2937,"0,24"
2938,"0,64"
2939,"0,2"
2940,"0,6"
2941,"0,3"
2942,"0,46"
2943,"0,3"
2944,"0,36"
2945,"0,46"
2946,"0,64"
2947,"0,56"
2948,"0,36"
2949,"0,26"
2950,"0,36"
2951,"0,66"
2952,"0,6"
2953,"0,58"
2954,"0,32"
2955,"0,36"
2956,"0,84"
2957,"0,54"
2958,"0,6"
2959,"0,72"
2960,"0,34"
2961,"0,4"
2962,"0,68"
2963,"0,64"
2964,"0,36"
2965,"0,32"
2966,"0,42"
2967,"0,22"
2968,"0,64"
2969,"0,36"
2970,"0,64"
2971,"0,18"
2972,"0,8"
2973,"0,64"
2974,"0,38"
2975,"0,42"
2976,"0,54"
2977,"0,38"
2978,"0,28"
2979,"0,58"
2980,"0,7"
2981,"0,78"
2982,"0,74"
2983,"0,08"
2984,"0,28"
2985,"0,86"
2986,"0,9"
2987,"0,52"
2988,"0,16"
2989,"0,7"
2990,"0,48"
2991,"0,32"
2992,"0,56"
2993,"0,72"
2994,"0,06"
2995,"0,72"
2996,"0,14"
2997,"0,2"
2998,"0,74"
2999,"0,54"
3000,"0,5"
3001,"0,6"
3002,"0,16"
3003,"0,56"
3004,"0,46"
3005,"0,56"
3006,"0,76"
3007,"0,82"
3008,"0,14"
3009,"0,4"
3010,"0,58"
3011,"0,3"
3012,"0,4"
3013,"0,12"
3014,"0,48"
3015,"0,34"
3016,"0,8"
3017,"0,58"
3018,"0,68"
3019,"0,36"
3020,"0,42"
3021,"0,64"
3022,"0,42"
3023,"0,74"
3024,"0,32"
3025,"0,62"
3026,"0,42"
3027,"0,5"
3028,"0,28"
3029,"0,1"
3030,"0,12"
3031,"0,64"
3032,"0,2"
3033,"0,16"
3034,"0,56"
3035,"0,4"
3036,"0,28"
3037,"0,1"
3038,"0,3"
3039,"0,54"
3040,"0,14"
3041,"0,34"
3042,"0,52"
3043,"0,36"
3044,"0,44"
3045,"0,38"
3046,"0,88"
3047,"0,62"
3048,"0,34"
3049,"0,86"
3050,"0,5"
3051,"0,82"
3052,"0,36"
3053,"0,56"
3054,"0,54"
3055,"0,38"
3056,"0,4"
3057,"0,42"
3058,"0,58"
3059,"0,12"
3060,"0,76"
3061,"0,5"
3062,"0,16"
3063,"0,6"
3064,"0,26"
3065,"0,72"
3066,"0,82"
3067,"0,6"
3068,"0,28"
3069,"0,64"
3070,"0,6"
3071,"0,4"
3072,"0,26"
3073,"0,82"
3074,"0,24"
3075,"0,18"
3076,"0,68"
3077,"0,8"
3078,"0,54"
3079,"0,52"
3080,"0,64"
3081,"0,5"
3082,"0,82"
3083,"0,54"
3084,"0,78"
3085,"0,18"
3086,"0,88"
3087,"0,5"
3088,"0,16"
3089,"0,22"
3090,"0,58"
3091,"0,54"
3092,"0,4"
3093,"0,58"
3094,"0,62"
3095,"0,48"
3096,"0,46"
3097,"0,58"
3098,"0,88"
3099,"0,8"
3100,"0,36"
3101,"0,22"
3102,"0,62"
3103,"0,1"
3104,"0,38"
3105,"0,08"
3106,"0,68"
3107,"0,8"
3108,"0,54"
3109,"0,24"
3110,"0,66"
3111,"0,54"
3112,"0,5"
3113,"0,58"
3114,"0,3"
3115,"0,18"
3116,"0,32"
3117,"0,76"
3118,"0,22"
3119,"0,2"
3120,"0,86"
3121,"0,8"
3122,"0,5"
3123,"0,46"
3124,"0,5"
3125,"0,1"
3126,"0,1"
3127,"0,72"
3128,"0,76"
3129,"0,2"
3130,"0,8"
3131,"0,54"
3132,"0,22"
3133,"0,72"
3134,"0,26"
3135,"0,82"
3136,"0,36"
3137,"0,44"
3138,"0,84"
3139,"0,8"
3140,"0,48"
3141,"0,64"
3142,"0,86"
3143,"0,26"
3144,"0,58"
3145,"0,48"
3146,"0,8"
3147,"0,78"
3148,"0,8"
3149,"0,66"
3150,"0,36"
3151,"0,38"
3152,"0,54"
3153,"0,14"
3154,"0,18"
3155,"0,44"
3156,"0,52"
3157,"0,46"
3158,"0,44"
3159,"0,46"
3160,"0,28"
3161,"0,5"
3162,"0,66"
3163,"0,64"
3164,"0,26"
3165,"0,16"
3166,"0,28"
3167,"0,22"
3168,"0,46"
3169,"0,36"
3170,"0,28"
3171,"0,74"
3172,"0,62"
3173,"0,46"
3174,"0,58"
3175,"0,68"
3176,"0,56"
3177,"0,68"
3178,"0,48"
3179,"0,4"
3180,"0,34"
3181,"0,24"
3182,"0,62"
3183,"0,4"
3184,"0,4"
3185,"0,54"
3186,"0,66"
3187,"0,36"
3188,"0,74"
3189,"0,68"
3190,"0,6"
3191,"0,76"
3192,"0,14"
3193,"0,24"
3194,"0,6"
3195,"0,66"
3196,"0,36"
3197,"0,2"
3198,"0,3"
3199,"0,66"
3200,"0,34"
3201,"0,68"
3202,"0,72"
3203,"0,28"
3204,"0,64"
3205,"0,38"
3206,"0,16"
3207,"0,84"
3208,"0,76"
3209,"0,76"
3210,"0,36"
3211,"0,4"
3212,"0,52"
3213,"0,82"
3214,"0,66"
3215,"0,12"
3216,"0,32"
3217,"0,42"
3218,"0,46"
3219,"0,7"
3220,"0,64"
3221,"0,46"
3222,"0,24"
3223,"0,48"
3224,"0,2"
3225,"0,66"
3226,"0,32"
3227,"0,04"
3228,"0,34"
3229,"0,74"
3230,"0,28"
3231,"0,3"
3232,"0,52"
3233,"0,78"
3234,"0,46"
3235,"0,48"
3236,"0,7"
3237,"0,14"
3238,"0,5"
3239,"0,78"
3240,"0,3"
3241,"0,54"
3242,"0,48"
3243,"0,14"
3244,"0,44"
3245,"0,08"
3246,"0,82"
3247,"0,5"
3248,"0,34"
3249,"0,74"
3250,"0,52"
3251,"0,36"
3252,"0,92"
3253,"0,28"
3254,"0,46"
3255,"0,82"
3256,"0,34"
3257,"0,46"
3258,"0,4"
3259,"0,66"
3260,"0,62"
3261,"0,12"
3262,"0,44"
3263,"0,76"
3264,"0,7"
3265,"0,32"
3266,"0,62"
3267,"0,36"
3268,"0,4"
3269,"0,64"
3270,"0,82"
3271,"0,2"
3272,"0,08"
3273,"0,48"
3274,"0,38"
3275,"0,58"
3276,"0,2"
3277,"0,7"
3278,"0,62"
3279,"0,56"
3280,"0,18"
3281,"0,04"
3282,"0,44"
3283,"0,18"
3284,"0,38"
3285,"0,28"
3286,"0,76"
3287,"0,66"
3288,"0,54"
3289,"0,16"
3290,"0,26"
3291,"0,5"
3292,"0,6"
3293,"0,52"
3294,"0,26"
3295,"0,68"
3296,"0,34"
3297,"0,64"
3298,"0,68"
3299,"0,64"
3300,"0,84"
3301,"0,54"
3302,"0,34"
3303,"0,14"
3304,"0,6"
3305,"0,66"
3306,"0,78"
3307,"0,68"
3308,"0,34"
3309,"0,22"
3310,"0,56"
3311,"0,66"
3312,"0,68"
3313,"0,64"
3314,"0,38"
3315,"0,8"
3316,"0,48"
3317,"0,24"
3318,"0,12"
3319,"0,7"
3320,"0,48"
3321,"0,5"
3322,"0,46"
3323,"0,22"
3324,"0,78"
3325,"0,12"
3326,"0,54"
3327,"0,74"
3328,"0,82"
3329,"0,2"
3330,"0,24"
3331,"0,34"
3332,"0,76"
3333,"0,66"
3334,"0,24"
3335,"0,38"
3336,"0,86"
3337,"0,28"
3338,"0,92"
3339,"0,62"
3340,"0,74"
3341,"0,12"
3342,"0,3"
3343,"0,16"
3344,"0,34"
3345,"0,56"
3346,"0,32"
3347,"0,24"
3348,"0,18"
3349,"0,46"
3350,"0,66"
3351,"0,74"
3352,"0,76"
3353,"0,88"
3354,"0,26"
3355,"0,54"
3356,"0,88"
3357,"0,84"
3358,"0,36"
3359,"0,08"
3360,"0,3"
3361,"0,44"
3362,"0,38"
3363,"0,58"
3364,"0,14"
3365,"0,3"
3366,"0,42"
3367,"0,26"
3368,"0,74"
3369,"0,48"
3370,"0,52"
3371,"0,44"
3372,"0,54"
3373,"0,76"
3374,"0,8"
3375,"0,58"
3376,"0,9"
3377,"0,28"
3378,"0,26"
3379,"0,32"
3380,"0,24"
3381,"0,54"
3382,"0,3"
3383,"0,58"
3384,"0,78"
3385,"0,26"
3386,"0,32"
3387,"0,14"
3388,"0,8"
3389,"0,36"
3390,"0,52"
3391,"0,88"
3392,"0,46"
3393,"0,22"
3394,"0,52"
3395,"0,3"
3396,"0,3"
3397,"0,16"
3398,"0,56"
3399,"0,08"
3400,"0,66"
3401,"0,82"
3402,"0,4"
3403,"0,2"
3404,"0,14"
3405,"0,48"
3406,"0,44"
3407,"0,54"
3408,"0,56"
3409,"0,5"
3410,"0,66"
3411,"0,52"
3412,"0,52"
3413,"0,26"
3414,"0,16"
3415,"0,38"
3416,"0,8"
3417,"0,66"
3418,"0,58"
3419,"0,76"
3420,"0,42"
3421,"0,6"
3422,"0,16"
3423,"0,92"
3424,"0,54"
3425,"0,28"
3426,"0,66"
3427,"0,34"
3428,"0,46"
3429,"0,26"
3430,"0,6"
3431,"0,48"
3432,"0,72"
3433,"0,2"
3434,"0,36"
3435,"0,7"
3436,"0,5"
3437,"0,44"
3438,"0,66"
3439,"0,38"
3440,"0,94"
3441,"0,92"
3442,"0,72"
3443,"0,5"
3444,"0,24"
3445,"0,52"
3446,"0,64"
3447,"0,18"
3448,"0,4"
3449,"0,6"
3450,"0,46"
3451,"0,76"
3452,"0,12"
3453,"0,54"
3454,"0,26"
3455,"0,78"
3456,"0,72"
3457,"0,6"
3458,"0,44"
3459,"0,54"
3460,"0,54"
3461,"0,64"
3462,"0,4"
3463,"0,34"
3464,"0,62"
3465,"0,04"
3466,"0,4"
3467,"0,38"
3468,"0,46"
3469,"0,52"
3470,"0,82"
3471,"0,8"
3472,"0,34"
3473,"0,62"
3474,"0,42"
3475,"0,68"
3476,"0,18"
3477,"0,08"
3478,"0,42"
3479,"0,6"
3480,"0,82"
3481,"0,52"
3482,"0,44"
3483,"0,74"
3484,"0,2"
3485,"0,5"
3486,"0,62"
3487,"0,26"
3488,"0,48"
3489,"0,62"
3490,"0,28"
3491,"0,64"
3492,"0,5"
3493,"0,34"
3494,"0,4"
3495,"0,26"
3496,"0,32"
3497,"0,44"
3498,"0,52"
3499,"0,28"
3500,"0,66"
3501,"0,56"
3502,"0,36"
3503,"0,7"
3504,"0,8"
3505,"0,66"
3506,"0,5"
3507,"0,56"
3508,"0,54"
3509,"0,42"
3510,"0,74"
3511,"0,48"
3512,"0,62"
3513,"0,4"
3514,"0,1"
3515,"0,22"
3516,"0,58"
3517,"0,38"
3518,"0,4"
3519,"0,56"
3520,"0,48"
3521,"0,68"
3522,"0,62"
3523,"0,4"
3524,"0,62"
3525,"0,3"
3526,"0,4"
3527,"0,14"
3528,"0,6"
3529,"0,12"
3530,"0,58"
3531,"0,46"
3532,"0,6"
3533,"0,84"
3534,"0,74"
3535,"0,16"
3536,"0,3"
3537,"0,62"
3538,"0,64"
3539,"0,74"
3540,"0,58"
3541,"0,22"
3542,"0,42"
3543,"0,3"
3544,"0,24"
3545,"0,22"
3546,"0,62"
3547,"0,12"
3548,"0,58"
3549,"0,8"
3550,"0,34"
3551,"0,1"
3552,"0,8"
3553,"0,56"
3554,"0,26"
3555,"0,2"
3556,"0,28"
3557,"0,5"
3558,"0,6"
3559,"0,32"
3560,"0,5"
3561,"0,78"
3562,"0,52"
3563,"0,2"
3564,"0,32"
3565,"0,28"
3566,"0,16"
3567,"0,34"
3568,"0,62"
3569,"0,7"
3570,"0,68"
3571,"0,52"
3572,"0,08"
3573,"0,9"
3574,"0,3"
3575,"0,32"
3576,"0,66"
3577,"0,9"
3578,"0,56"
3579,"0,24"
3580,"0,26"
3581,"0,32"
3582,"0,96"
3583,"0,34"
3584,"0,68"
3585,"0,16"
3586,"0,62"
3587,"0,5"
3588,"0,82"
3589,"0,38"
3590,"0,84"
3591,"0,82"
3592,"0,22"
3593,"0,14"
3594,"0,28"
3595,"0,8"
3596,"0,56"
3597,"0,76"
3598,"0,5"
3599,"0,7"
3600,"0,42"
3601,"0,58"
3602,"0,58"
3603,"0,2"
3604,"0,44"
3605,"0,14"
3606,"0,52"
3607,"0,26"
3608,"0,56"
3609,"0,16"
3610,"0,34"
3611,"0,26"
3612,"0,7"
3613,"0,74"
3614,"0,38"
3615,"0,3"
3616,"0,4"
3617,"0,26"
3618,"0,96"
3619,"0,56"
3620,"0,82"
3621,"0,66"
3622,"0,72"
3623,"0,46"
3624,"0,36"
3625,"0,18"
3626,"0,24"
3627,"0,42"
3628,"0,7"
3629,"0,18"
3630,"0,6"
3631,"0,78"
3632,"0,84"
3633,"0,52"
3634,"0,24"
3635,"0,6"
3636,"0,48"
3637,"0,32"
3638,"0,6"
3639,"0,44"
3640,"0,2"
3641,"0,76"
3642,"0,12"
3643,"0,34"
3644,"0,34"
3645,"0,44"
3646,"0,36"
3647,"0,64"
3648,"0,38"
3649,"0,46"
3650,"0,6"
3651,"0,88"
3652,"0,16"
3653,"0,34"
3654,"0,2"
3655,"0,2"
3656,"0,3"
3657,"0,8"
3658,"0,28"
3659,"0,36"
3660,"0,36"
3661,"0,6"
3662,"0,26"
3663,"0,32"
3664,"0,56"
3665,"0,5"
3666,"0,12"
3667,"0,36"
3668,"0,64"
3669,"0,42"
3670,"0,52"
3671,"0,62"
3672,"0,64"
3673,"0,74"
3674,"0,42"
3675,"0,5"
3676,"0,78"
3677,"0,34"
3678,"0,42"
3679,"0,7"
3680,"0,08"
3681,"0,22"
3682,"0,2"
3683,"0,78"
3684,"0,4"
3685,"0,72"
3686,"0,32"
3687,"0,7"
3688,"0,7"
3689,"0,58"
3690,"0,2"
3691,"0,5"
3692,"0,34"
3693,"0,28"
3694,"0,22"
3695,"0,4"
3696,"0,22"
3697,"0,46"
3698,"0,64"
3699,"0,64"
3700,"0,34"
3701,"0,18"
3702,"0,44"
3703,"0,54"
3704,"0,42"
3705,"0,34"
3706,"0,5"
3707,"0,14"
3708,"0,52"
3709,"0,22"
3710,"0,44"
3711,"0,54"
3712,"0,46"
3713,"0,8"
3714,"0,72"
3715,"0,42"
3716,"0,2"
3717,"0,24"
3718,"0,56"
3719,"0,5"
3720,"0,34"
3721,"0,58"
3722,"0,74"
3723,"0,8"
3724,"0,26"
3725,"0,3"
3726,"0,42"
3727,"0,6"
3728,"0,32"
3729,"0,56"
3730,"0,78"
3731,"0,16"
3732,"0,7"
3733,"0,18"
3734,"0,7"
3735,"0,22"
3736,"0,28"
3737,"0,44"
3738,"0,34"
3739,"0,66"
3740,"0,46"
3741,"0,66"
3742,"0,54"
3743,"0,4"
3744,"0,48"
3745,"0,38"
3746,"0,26"
3747,"0,28"
3748,"0,54"
3749,"0,56"
3750,"0,42"
3751,"0,34"
3752,"0,66"
3753,"0,34"
3754,"0,22"
3755,"0,82"
3756,"0,42"
3757,"0,82"
3758,"0,14"
3759,"0,86"
3760,"0,32"
3761,"0,18"
3762,"0,42"
3763,"0,32"
3764,"0,36"
3765,"0,14"
3766,"0,34"
3767,"0,74"
3768,"0,82"
3769,"0,4"
3770,"0,24"
3771,"0,46"
3772,"0,52"
3773,"0,26"
3774,"0,44"
3775,"0,48"
3776,"0,36"
3777,"0,54"
3778,"0,14"
3779,"0,14"
3780,"0,58"
3781,"0,6"
3782,"0,66"
3783,"0,14"
3784,"0,76"
3785,"0,36"
3786,"0,56"
3787,"0,54"
3788,"0,32"
3789,"0,86"
3790,"0,74"
3791,"0,64"
3792,"0,82"
3793,"0,52"
3794,"0,66"
3795,"0,06"
3796,"0,26"
3797,"0,52"
3798,"0,3"
3799,"0,68"
3800,"0,7"
3801,"0,32"
3802,"0,7"
3803,"0,6"
3804,"0,9"
3805,"0,46"
3806,"0,9"
3807,"0,4"
3808,"0,26"
3809,"0,82"
3810,"0,38"
3811,"0,3"
3812,"0,46"
3813,"0,58"
3814,"0,64"
3815,"0,3"
3816,"0,72"
3817,"0,66"
3818,"0,28"
3819,"0,32"
3820,"0,18"
3821,"0,6"
3822,"0,6"
3823,"0,32"
3824,"0,44"
3825,"0,18"
3826,"0,44"
3827,"0,5"
3828,"0,42"
3829,"0,56"
3830,"0,68"
3831,"0,46"
3832,"0,62"
3833,"0,24"
3834,"0,7"
3835,"0,48"
3836,"0,72"
3837,"0,44"
3838,"0,38"
3839,"0,68"
3840,"0,34"
3841,"0,82"
3842,"0,28"
3843,"0,1"
3844,"0,3"
3845,"0,5"
3846,"0,44"
3847,"0,58"
3848,"0,48"
3849,"0,7"
3850,"0,34"
3851,"0,28"
3852,"0,2"
3853,"0,72"
3854,"0,28"
3855,"0,46"
3856,"0,66"
3857,"0,24"
3858,"0,72"
3859,"0,44"
3860,"0,36"
3861,"0,7"
3862,"0,14"
3863,"0,6"
3864,"0,76"
3865,"0,3"
3866,"0,22"
3867,"0,46"
3868,"0,82"
3869,"0,56"
3870,"0,62"
3871,"0,56"
3872,"0,44"
3873,"0,76"
3874,"0,12"
3875,"0,28"
3876,"0,74"
3877,"0,32"
3878,"0,76"
3879,"0,32"
3880,"0,36"
3881,"0,82"
3882,"0,66"
3883,"0,22"
3884,"0,62"
3885,"0,4"
3886,"0,7"
3887,"0,58"
3888,"0,66"
3889,"0,28"
3890,"0,46"
3891,"0,72"
3892,"0,76"
3893,"0,24"
3894,"0,18"
3895,"0,74"
3896,"0,42"
3897,"0,46"
3898,"0,62"
3899,"0,66"
3900,"0,46"
3901,"0,4"
3902,"0,44"
3903,"0,34"
3904,"0,6"
3905,"0,6"
3906,"0,28"
3907,"0,8"
3908,"0,26"
3909,"0,62"
3910,"0,86"
3911,"0,36"
3912,"0,48"
3913,"0,6"
3914,"0,22"
3915,"0,26"
3916,"0,78"
3917,"0,84"
3918,"0,46"
3919,"0,16"
3920,"0,7"
3921,"0,1"
3922,"0,16"
3923,"0,3"
3924,"0,28"
3925,"0,62"
3926,"0,36"
3927,"0,68"
3928,"0,48"
3929,"0,58"
3930,"0,52"
3931,"0,7"
3932,"0,22"
3933,"0,56"
3934,"0,6"
3935,"0,48"
3936,"0,88"
3937,"0,14"
3938,"0,5"
3939,"0,44"
3940,"0,56"
3941,"0,14"
3942,"0,62"
3943,"0,42"
3944,"0,56"
3945,"0,1"
3946,"0,34"
3947,"0,56"
3948,"0,4"
3949,"0,44"
3950,"0,46"
3951,"0,42"
3952,"0,42"
3953,"0,52"
3954,"0,44"
3955,"0,24"
3956,"0,68"
3957,"0,46"
3958,"0,58"
3959,"0,86"
3960,"0,76"
3961,"0,52"
3962,"0,64"
3963,"0,52"
3964,"0,8"
3965,"0,34"
3966,"0,68"
3967,"0,8"
3968,"0,2"
3969,"0,44"
3970,"0,36"
3971,"0,48"
3972,"0,9"
3973,"0,2"
3974,"0,82"
3975,"0,52"
3976,"0,7"
3977,"0,36"
3978,"0,62"
3979,"0,34"
3980,"0,46"
3981,"0,46"
3982,"0,62"
3983,"0,18"
3984,"0,68"
3985,"0,56"
3986,"0,4"
3987,"0,5"
3988,"0,76"
3989,"0,86"
3990,"0,76"
3991,"0,6"
3992,"0,6"
3993,"0,22"
3994,"0,14"
3995,"0,46"
3996,"0,26"
3997,"0,36"
3998,"0,4"
3999,"0,9"
4000,"0,44"
4001,"0,62"
4002,"0,58"
4003,"0,8"
4004,"0,86"
4005,"0,14"
4006,"0,34"
4007,"0,08"
4008,"0,76"
4009,"0,68"
4010,"0,64"
4011,"0,18"
4012,"0,86"
4013,"0,22"
4014,"0,28"
4015,"0,68"
4016,"0,68"
4017,"0,44"
4018,"0,6"
4019,"0,42"
4020,"0,42"
4021,"0,42"
4022,"0,32"
4023,"0,34"
4024,"0,66"
4025,"0,4"
4026,"0,36"
4027,"0,04"
4028,"0,56"
4029,"0,4"
4030,"0,66"
4031,"0,32"
4032,"0,64"
4033,"0,12"
4034,"0,68"
4035,"0,64"
4036,"0,38"
4037,"0,72"
4038,"0,2"
4039,"0,34"
4040,"0,36"
4041,"0,56"
4042,"0,42"
4043,"0,54"
4044,"0,66"
4045,"0,82"
4046,"0,1"
4047,"0,88"
4048,"0,32"
4049,"0,68"
4050,"0,82"
4051,"0,66"
4052,"0,14"
4053,"0,3"
4054,"0,74"
4055,"0,14"
4056,"0,46"
4057,"0,38"
4058,"0,68"
4059,"0,34"
4060,"0,2"
4061,"0,6"
4062,"0,2"
4063,"0,46"
4064,"0,36"
4065,"0,46"
4066,"0,06"
4067,"0,38"
4068,"0,38"
4069,"0,5"
4070,"0,54"
4071,"0,56"
4072,"0,54"
4073,"0,54"
4074,"0,74"
4075,"0,4"
4076,"0,48"
4077,"0,5"
4078,"0,76"
4079,"0,62"
4080,"0,26"
4081,"0,36"
4082,"0,54"
4083,"0,72"
4084,"0,42"
4085,"0,94"
4086,"0,78"
4087,"0,26"
4088,"0,24"
4089,"0,64"
4090,"0,64"
4091,"0,52"
4092,"0,34"
4093,"0,24"
4094,"0,44"
4095,"0,4"
4096,"0,88"
4097,"0,4"
4098,"0,3"
4099,"0,74"
4100,"0,46"
4101,"0,4"
4102,"0,34"
4103,"0,44"
4104,"0,72"
4105,"0,32"
4106,"0,24"
4107,"0,36"
4108,"0,7"
4109,"0,14"
4110,"0,18"
4111,"0,78"
4112,"0,46"
4113,"0,14"
4114,"0,52"
4115,"0,64"
4116,"0,56"
4117,"0,66"
4118,"0,28"
4119,"0,2"
4120,"0,44"
4121,"0,12"
4122,"0,22"
4123,"0,34"
4124,"0,12"
4125,"0,54"
4126,"0,9"
4127,"0,64"
4128,"0,38"
4129,"0,76"
4130,"0,56"
4131,"0,62"
4132,"0,36"
4133,"0,8"
4134,"0,66"
4135,"0,36"
4136,"0,48"
4137,"0,28"
4138,"0,72"
4139,"0,48"
4140,"0,82"
4141,"0,28"
4142,"0,64"
4143,"0,44"
4144,"0,74"
4145,"0,82"
4146,"0,3"
4147,"0,68"
4148,"0,88"
4149,"0,4"
4150,"0,42"
4151,"0,88"
4152,"0,44"
4153,"0,5"
4154,"0,4"
4155,"0,3"
4156,"0,62"
4157,"0,24"
4158,"0,62"
4159,"0,66"
4160,"0,66"
4161,"0,42"
4162,"0,3"
4163,"0,32"
4164,"0,3"
4165,"0,82"
4166,"0,56"
4167,"0,7"
4168,"0,1"
4169,"0,18"
4170,"0,52"
4171,"0,66"
4172,"0,3"
4173,"0,78"
4174,"0,16"
4175,"0,38"
4176,"0,34"
4177,"0,44"
4178,"0,4"
4179,"0,16"
4180,"0,18"
4181,"0,78"
4182,"0,24"
4183,"0,52"
4184,"0,66"
4185,"0,32"
4186,"0,44"
4187,"0,38"
4188,"0,64"
4189,"0,58"
4190,"0,78"
4191,"0,3"
4192,"0,06"
4193,"0,16"
4194,"0,54"
4195,"0,48"
4196,"0,42"
4197,"0,64"
4198,"0,56"
4199,"0,7"
4200,"0,78"
4201,"0,68"
4202,"0,22"
4203,"0,5"
4204,"0,68"
4205,"0,26"
4206,"0,48"
4207,"0,16"
4208,"0,46"
4209,"0,24"
4210,"0,38"
4211,"0,6"
4212,"0,1"
4213,"0,18"
4214,"0,28"
4215,"0,44"
4216,"0,1"
4217,"0,14"
4218,"0,3"
4219,"0,28"
4220,"0,36"
4221,"0,2"
4222,"0,48"
4223,"0,36"
4224,"0,18"
4225,"0,38"
4226,"0,44"
4227,"0,2"
4228,"0,46"
4229,"0,74"
4230,"0,32"
4231,"0,8"
4232,"0,48"
4233,"0,56"
4234,"0,74"
4235,"0,66"
4236,"0,64"
4237,"0,38"
4238,"0,14"
4239,"0,3"
4240,"0,28"
4241,"0,5"
4242,"0,42"
4243,"0,9"
4244,"0,68"
4245,"0,28"
4246,"0,3"
4247,"0,3"
4248,"0,62"
4249,"0,44"
4250,"0,64"
4251,"0,58"
4252,"0,58"
4253,"0,46"
4254,"0,54"
4255,"0,9"
4256,"0,92"
4257,"0,86"
4258,"0,8"
4259,"0,22"
4260,"0,42"
4261,"0,6"
4262,"0,24"
4263,"0,34"
4264,"0,68"
4265,"0,36"
4266,"0,46"
4267,"0,46"
4268,"0,64"
4269,"0,52"
4270,"0,44"
4271,"0,12"
4272,"0,62"
4273,"0,72"
4274,"0,82"
4275,"0,6"
4276,"0,7"
4277,"0,22"
4278,"0,58"
4279,"0,26"
4280,"0,12"
4281,"0,16"
4282,"0,36"
4283,"0,34"
4284,"0,32"
4285,"0,76"
4286,"0,66"
4287,"0,56"
4288,"0,16"
4289,"0,46"
4290,"0,3"
4291,"0,18"
4292,"0,26"
4293,"0,58"
4294,"0,7"
4295,"0,78"
4296,"0,34"
4297,"0,5"
4298,"0,72"
4299,"0,34"
4300,"0,66"
4301,"0,14"
4302,"0,42"
4303,"0,18"
4304,"0,54"
4305,"0,7"
4306,"0,58"
4307,"0,76"
4308,"0,46"
4309,"0,76"
4310,"0,86"
4311,"0,76"
4312,"0,48"
4313,"0,84"
4314,"0,28"
4315,"0,14"
4316,"0,5"
4317,"0,24"
4318,"0,4"
4319,"0,14"
4320,"0,62"
4321,"0,82"
4322,"0,16"
4323,"0,4"
4324,"0,46"
4325,"0,28"
4326,"0,54"
4327,"0,28"
4328,"0,26"
4329,"0,42"
4330,"0,54"
4331,"0,52"
4332,"0,3"
4333,"0,24"
4334,"0,5"
4335,"0,44"
4336,"0,16"
4337,"0,8"
4338,"0,44"
4339,"0,22"
4340,"0,76"
4341,"0,64"
4342,"0,72"
4343,"0,16"
4344,"0,52"
4345,"0,38"
4346,"0,48"
4347,"0,48"
4348,"0,56"
4349,"0,22"
4350,"0,2"
4351,"0,38"
4352,"0,34"
4353,"0,48"
4354,"0,16"
4355,"0,6"
4356,"0,78"
4357,"0,22"
4358,"0,62"
4359,"0,06"
4360,"0,34"
4361,"0,22"
4362,"0,42"
4363,"0,66"
4364,"0,7"
4365,"0,42"
4366,"0,58"
4367,"0,84"
4368,"0,68"
4369,"0,76"
4370,"0,3"
4371,"0,38"
4372,"0,4"
4373,"0,78"
4374,"0,74"
4375,"0,26"
4376,"0,86"
4377,"0,2"
4378,"0,5"
4379,"0,52"
4380,"0,66"
4381,"0,5"
4382,"0,62"
4383,"0,72"
4384,"0,94"
4385,"0,4"
4386,"0,6"
4387,"0,68"
4388,"0,76"
4389,"0,34"
4390,"0,5"
4391,"0,3"
4392,"0,68"
4393,"0,38"
4394,"0,92"
4395,"0,72"
4396,"0,22"
4397,"0,56"
4398,"0,5"
4399,"0,22"
4400,"0,24"
4401,"0,4"
4402,"0,56"
4403,"0,38"
4404,"0,62"
4405,"0,58"
4406,"0,6"
4407,"0,22"
4408,"0,76"
4409,"0,68"
4410,"0,66"
4411,"0,46"
4412,"0,6"
4413,"0,86"
4414,"0,38"
4415,"0,34"
4416,"0,2"
4417,"0,48"
4418,"0,4"
4419,"0,78"
4420,"0,62"
4421,"0,76"
4422,"0,72"
4423,"0,18"
4424,"0,34"
4425,"0,1"
4426,"0,34"
4427,"0,58"
4428,"0,48"
4429,"0,48"
4430,"0,32"
4431,"0,22"
4432,"0,88"
4433,"0,32"
4434,"0,64"
4435,"0,34"
4436,"0,6"
4437,"0,42"
4438,"0,9"
4439,"0,2"
4440,"0,08"
4441,"0,2"
4442,"0,44"
4443,"0,48"
4444,"0,34"
4445,"0,82"
4446,"0,58"
4447,"0,7"
4448,"0,44"
4449,"0,62"
4450,"0,56"
4451,"0,86"
4452,"0,32"
4453,"0,46"
4454,"0,1"
4455,"0,48"
4456,"0,58"
4457,"0,26"
4458,"0,5"
4459,"0,26"
4460,"0,82"
4461,"0,74"
4462,"0,28"
4463,"0,2"
4464,"0,46"
4465,"0,24"
4466,"0,24"
4467,"0,26"
4468,"0,58"
4469,"0,18"
4470,"0,66"
4471,"0,84"
4472,"0,58"
4473,"0,84"
4474,"0,22"
4475,"0,86"
4476,"0,74"
4477,"0,26"
4478,"0,82"
4479,"0,58"
4480,"0,44"
4481,"0,58"
4482,"0,18"
4483,"0,76"
4484,"0,28"
4485,"0,24"
4486,"0,08"
4487,"0,66"
4488,"0,46"
4489,"0,14"
4490,"0,58"
4491,"0,42"
4492,"0,76"
4493,"0,26"
4494,"0,62"
4495,"0,7"
4496,"0,36"
4497,"0,22"
4498,"0,46"
4499,"0,76"
4500,"0,5"
4501,"0,62"
4502,"0,36"
4503,"0,58"
4504,"0,42"
4505,"0,16"
4506,"0,76"
4507,"0,64"
4508,"0,52"
4509,"0,02"
4510,"0,2"
4511,"0,92"
4512,"0,44"
4513,"0,3"
4514,"0,58"
4515,"0,5"
4516,"0,7"
4517,"0,4"
4518,"0,2"
4519,"0,16"
4520,"0,5"
4521,"0,22"
4522,"0,3"
4523,"0,76"
4524,"0,58"
4525,"0,58"
4526,"0,92"
4527,"0,5"
4528,"0,34"
4529,"0,32"
4530,"0,44"
4531,"0,28"
4532,"0,62"
4533,"0,7"
4534,"0,5"
4535,"0,34"
4536,"0,38"
4537,"0,78"
4538,"0,64"
4539,"0,56"
4540,"0,2"
4541,"0,62"
4542,"0,24"
4543,"0,68"
4544,"0,86"
4545,"0,66"
4546,"0,14"
4547,"0,3"
4548,"0,66"
4549,"0,38"
4550,"0,88"
4551,"0,34"
4552,"0,76"
4553,"0,54"
4554,"0,72"
4555,"0,76"
4556,"0,32"
4557,"0,9"
4558,"0,6"
4559,"0,42"
4560,"0,6"
4561,"0,46"
4562,"0,78"
4563,"0,58"
4564,"0,26"
4565,"0,2"
4566,"0,5"
4567,"0,78"
4568,"0,62"
4569,"0,84"
4570,"0,14"
4571,"0,38"
4572,"0,24"
4573,"0,52"
4574,"0,86"
4575,"0,38"
4576,"0,4"
4577,"0,74"
4578,"0,72"
4579,"0,72"
4580,"0,86"
4581,"0,86"
4582,"0,88"
4583,"0,16"
4584,"0,08"
4585,"0,28"
4586,"0,44"
4587,"0,78"
4588,"0,76"
4589,"0,34"
4590,"0,2"
4591,"0,22"
4592,"0,08"
4593,"0,6"
4594,"0,36"
4595,"0,7"
4596,"0,3"
4597,"0,44"
4598,"0,58"
4599,"0,26"
4600,"0,38"
4601,"0,86"
4602,"0,28"
4603,"0,88"
4604,"0,5"
4605,"0,64"
4606,"0,16"
4607,"0,5"
4608,"0,66"
4609,"0,4"
4610,"0,12"
4611,"0,36"
4612,"0,62"
4613,"0,74"
4614,"0,86"
4615,"0,64"
4616,"0,24"
4617,"0,2"
4618,"0,44"
4619,"0,36"
4620,"0,58"
4621,"0,1"
4622,"0,08"
4623,"0,08"
4624,"0,72"
4625,"0,48"
4626,"0,36"
4627,"0,56"
4628,"0,4"
4629,"0,16"
4630,"0,58"
4631,"0,34"
4632,"0,72"
4633,"0,24"
4634,"0,3"
4635,"0,26"
4636,"0,72"
4637,"0,3"
4638,"0,64"
4639,"0,74"
4640,"0,4"
4641,"0,28"
4642,"0,56"
4643,"0,64"
4644,"0,88"
4645,"0,26"
4646,"0,42"
4647,"0,74"
4648,"0,7"
4649,"0,84"
4650,"0,16"
4651,"0,66"
4652,"0,54"
4653,"0,5"
4654,"0,22"
4655,"0,1"
4656,"0,08"
4657,"0,4"
4658,"0,54"
4659,"0,54"
4660,"0,18"
4661,"0,48"
4662,"0,2"
4663,"0,34"
4664,"0,58"
4665,"0,7"
4666,"0,84"
4667,"0,7"
4668,"0,78"
4669,"0,42"
4670,"0,82"
4671,"0,26"
4672,"0,6"
4673,"0,38"
4674,"0,22"
4675,"0,7"
4676,"0,26"
4677,"0,4"
4678,"0,8"
4679,"0,62"
4680,"0,74"
4681,"0,64"
4682,"0,42"
4683,"0,2"
4684,"0,56"
4685,"0,48"
4686,"0,3"
4687,"0,22"
4688,"0,34"
4689,"0,48"
4690,"0,6"
4691,"0,22"
4692,"0,14"
4693,"0,62"
4694,"0,7"
4695,"0,14"
4696,"0,78"
4697,"0,04"
4698,"0,18"
4699,"0,52"
4700,"0,9"
4701,"0,44"
4702,"0,52"
4703,"0,58"
4704,"0,78"
4705,"0,32"
4706,"0,36"
4707,"0,44"
4708,"0,24"
4709,"0,52"
4710,"0,52"
4711,"0,88"
4712,"0,46"
4713,"0,58"
4714,"0,52"
4715,"0,48"
4716,"0,6"
4717,"0,5"
4718,"0,26"
4719,"0,3"
4720,"0,58"
4721,"0,52"
4722,"0,68"
4723,"0,1"
4724,"0,14"
4725,"0,86"
4726,"0,34"
4727,"0,44"
4728,"0,9"
4729,"0,34"
4730,"0,24"
4731,"0,16"
4732,"0,56"
4733,"0,48"
4734,"0,16"
4735,"0,36"
4736,"0,5"
4737,"0,9"
4738,"0,28"
4739,"0,24"
4740,"0,4"
4741,"0,22"
4742,"0,18"
4743,"0,16"
4744,"0,44"
4745,"0,8"
4746,"0,7"
4747,"0,86"
4748,"0,16"
4749,"0,74"
4750,"0,92"
4751,"0,52"
4752,"0,18"
4753,"0,4"
4754,"0,68"
4755,"0,4"
4756,"0,88"
4757,"0,46"
4758,"0,72"
4759,"0,42"
4760,"0,68"
4761,"0,8"
4762,"0,8"
4763,"0,86"
4764,"0,12"
4765,"0,08"
4766,"0,74"
4767,"0,84"
4768,"0,1"
4769,"0,6"
4770,"0,54"
4771,"0,22"
4772,"0,48"
4773,"0,58"
4774,"0,54"
4775,"0,78"
4776,"0,12"
4777,"0,3"
4778,"0,78"
4779,"0,88"
4780,"0,58"
4781,"0,5"
4782,"0,54"
4783,"0,42"
4784,"0,54"
4785,"0,6"
4786,"0,28"
4787,"0,32"
4788,"0,3"
4789,"0,6"
4790,"0,44"
4791,"0,52"
4792,"0,3"
4793,"0,62"
4794,"0,4"
4795,"0,88"
4796,"0,4"
4797,"0,36"
4798,"0,32"
4799,"0,84"
4800,"0,58"
4801,"0,18"
4802,"0,6"
4803,"0,72"
4804,"0,38"
4805,"0,22"
4806,"0,18"
4807,"0,54"
4808,"0,78"
4809,"0,26"
4810,"0,18"
4811,"0,52"
4812,"0,66"
4813,"0,66"
4814,"0,46"
4815,"0,38"
4816,"0,62"
4817,"0,56"
4818,"0,26"
4819,"0,32"
4820,"0,32"
4821,"0,56"
4822,"0,7"
4823,"0,36"
4824,"0,58"
4825,"0,62"
4826,"0,16"
4827,"0,26"
4828,"0,34"
4829,"0,52"
4830,"0,62"
4831,"0,8"
4832,"0,7"
4833,"0,86"
4834,"0,3"
4835,"0,6"
4836,"0,18"
4837,"0,3"
4838,"0,8"
4839,"0,2"
4840,"0,28"
4841,"0,42"
4842,"0,44"
4843,"0,04"
4844,"0,58"
4845,"0,52"
4846,"0,48"
4847,"0,24"
4848,"0,3"
4849,"0,5"
4850,"0,52"
4851,"0,58"
4852,"0,12"
4853,"0,44"
4854,"0,3"
4855,"0,5"
4856,"0,52"
4857,"0,68"
4858,"0,18"
4859,"0,4"
4860,"0,22"
4861,"0,36"
4862,"0,2"
4863,"0,3"
4864,"0,54"
4865,"0,24"
4866,"0,4"
4867,"0,32"
4868,"0,54"
4869,"0,64"
4870,"0,96"
4871,"0,52"
4872,"0,62"
4873,"0,54"
4874,"0,16"
4875,"0,22"
4876,"0,16"
4877,"0,42"
4878,"0,84"
4879,"0,48"
4880,"0,22"
4881,"0,48"
4882,"0,54"
4883,"0,22"
4884,"0,54"
4885,"0,36"
4886,"0,3"
4887,"0,46"
4888,"0,32"
4889,"0,64"
4890,"0,26"
4891,"0,76"
4892,"0,88"
4893,"0,54"
4894,"0,1"
4895,"0,22"
4896,"0,68"
4897,"0,34"
4898,"0,42"
4899,"0,32"
4900,"0,22"
4901,"0,5"
4902,"0,16"
4903,"0,58"
4904,"0,58"
4905,"0,38"
4906,"0,34"
4907,"0,42"
4908,"0,1"
4909,"0,36"
4910,"0,66"
4911,"0,44"
4912,"0,6"
4913,"0,44"
4914,"0,7"
4915,"0,38"
4916,"0,42"
4917,"0,64"
4918,"0,42"
4919,"0,14"
4920,"0,76"
4921,"0,36"
4922,"0,38"
4923,"0,54"
4924,"0,52"
4925,"0,48"
4926,"0,54"
4927,"0,48"
4928,"0,4"
4929,"0,6"
4930,"0,46"
4931,"0,6"
4932,"0,32"
4933,"0,48"
4934,"0,3"
4935,"0,4"
4936,"0,46"
4937,"0,76"
4938,"0,78"
4939,"0,2"
4940,"0,58"
4941,"0,48"
4942,"0,6"
4943,"0,76"
4944,"0,1"
4945,"0,14"
4946,"0,22"
4947,"0,76"
4948,"0,68"
4949,"0,76"
4950,"0,88"
4951,"0,3"
4952,"0,32"
4953,"0,64"
4954,"0,76"
4955,"0,86"
4956,"0,9"
4957,"0,68"
4958,"0,76"
4959,"0,34"
4960,"0,64"
4961,"0,28"
4962,"0,38"
4963,"0,42"
4964,"0,48"
4965,"0,12"
4966,"0,28"
4967,"0,24"
4968,"0,16"
4969,"0,44"
4970,"0,3"
4971,"0,64"
4972,"0,48"
4973,"0,5"
4974,"0,12"
4975,"0,58"
4976,"0,36"
4977,"0,72"
4978,"0,76"
4979,"0,12"
4980,"0,3"
4981,"0,2"
4982,"0,36"
4983,"0,82"
4984,"0,74"
4985,"0,68"
4986,"0,38"
4987,"0,7"
4988,"0,4"
4989,"0,38"
4990,"0,44"
4991,"0,68"
4992,"0,44"
4993,"0,14"
4994,"0,66"
4995,"0,38"
4996,"0,38"
4997,"0,88"
4998,"0,64"
4999,"0,22"
